g^4,gamma,p,D(p),error
0.5,1.0,0.0,0.9478840445487794,0.04660301606271224
0.5,1.0,0.196349540849362,0.9178808776436376,0.03185926836425159
0.5,1.0,0.3926990816987241,0.8237515874137529,0.029215940807302502
0.5,1.0,0.5890486225480862,0.7478888133567922,0.026981923727695742
0.5,1.0,0.7853981633974483,0.6193660648471603,0.02558593522526013
0.5,1.0,0.9817477042468103,0.5330847925393696,0.024067506266115993
0.5,1.0,1.1780972450961724,0.4303310822488426,0.02187694782126922
0.5,1.0,1.3744467859455345,0.35888850386104026,0.020817510022976993
0.5,1.0,1.5707963267948966,0.33717317087163007,0.01998739421878896
0.5,1.0,1.7671458676442586,0.2895414162267551,0.018429303277023107
0.5,1.0,1.9634954084936207,0.26723718777422173,0.016580826931729128
0.5,1.0,2.1598449493429825,0.24542503387517325,0.016277931622168163
0.5,1.0,2.356194490192345,0.22560560710733832,0.01595536949658369
0.5,1.0,2.552544031041707,0.23029825485204905,0.013840224063281167
0.5,1.0,2.748893571891069,0.20859800006837545,0.015009626826367077
0.5,1.0,2.945243112740431,0.2068952219323518,0.014846668175894655
0.5,1.0,3.141592653589793,0.19122157941481407,0.02135933317653713
0.5,1.0,3.3379421944391554,0.2053018962592814,0.01503452694371823
0.5,1.0,3.5342917352885173,0.19914969113256412,0.014644299407651494
0.5,1.0,3.730641276137879,0.21151113250143663,0.015137538889448483
0.5,1.0,3.9269908169872414,0.22003453987041555,0.01649476201093349
0.5,1.0,4.123340357836604,0.2374761854009603,0.01645357159713892
0.5,1.0,4.319689898685965,0.25899758420511304,0.01714109731834257
0.5,1.0,4.516039439535327,0.29089701141977886,0.018649031856850417
0.5,1.0,4.71238898038469,0.3287723120383849,0.01822839961069574
0.5,1.0,4.908738521234052,0.3903367514021225,0.0196669810670876
0.5,1.0,5.105088062083414,0.4349197439943447,0.024747423271334515
0.5,1.0,5.301437602932776,0.5422188759709409,0.025109014983943297
0.5,1.0,5.497787143782138,0.6314520806617362,0.02571266580749126
0.5,1.0,5.6941366846315,0.7489337044039482,0.02723915110683492
0.5,1.0,5.890486225480862,0.799097346269778,0.02949730096192183
0.5,1.0,6.086835766330224,0.9156549098810959,0.0310472678924075
2.0,1.0,0.0,0.8879670356972409,0.03976500955650796
2.0,1.0,0.196349540849362,0.836652545273839,0.026966196179888775
2.0,1.0,0.3926990816987241,0.7635449140866746,0.0269252783170678
2.0,1.0,0.5890486225480862,0.6579212010354529,0.023529248405760563
2.0,1.0,0.7853981633974483,0.5802102765799202,0.023434045188169904
2.0,1.0,0.9817477042468103,0.4858676175254979,0.020418263365622854
2.0,1.0,1.1780972450961724,0.40494195396168675,0.020071239963033245
2.0,1.0,1.3744467859455345,0.3606794280330944,0.01804280334653546
2.0,1.0,1.5707963267948966,0.3171341422097355,0.016677263970864813
2.0,1.0,1.7671458676442586,0.27559684666612677,0.01615878945304727
2.0,1.0,1.9634954084936207,0.24378493905131085,0.015294582820543001
2.0,1.0,2.1598449493429825,0.24417728034561365,0.014688960976289498
2.0,1.0,2.356194490192345,0.22674824770307028,0.014856119626496958
2.0,1.0,2.552544031041707,0.19075367805127322,0.014222105705472854
2.0,1.0,2.748893571891069,0.20640113995256154,0.014072349908054534
2.0,1.0,2.945243112740431,0.19730283215998384,0.013138032983438767
2.0,1.0,3.141592653589793,0.2070738422553524,0.019648339724041803
2.0,1.0,3.3379421944391554,0.19522425462315682,0.013903592547424692
2.0,1.0,3.5342917352885173,0.1992218398807569,0.013232251754218301
2.0,1.0,3.730641276137879,0.2042439660420706,0.014576630760523904
2.0,1.0,3.9269908169872414,0.21896088346084738,0.014244784420961646
2.0,1.0,4.123340357836604,0.2377339626419672,0.015712988970895563
2.0,1.0,4.319689898685965,0.25729378289354865,0.016365239577042348
2.0,1.0,4.516039439535327,0.27135878380543776,0.014825826913143408
2.0,1.0,4.71238898038469,0.3158444267839905,0.017777481727303764
2.0,1.0,4.908738521234052,0.36664839020926493,0.01911130381269498
2.0,1.0,5.105088062083414,0.42722124986150833,0.01943809614918331
2.0,1.0,5.301437602932776,0.5224355802960827,0.020774132712509247
2.0,1.0,5.497787143782138,0.5676267727061963,0.022344881677967873
2.0,1.0,5.6941366846315,0.6624911175770289,0.025762019489329897
2.0,1.0,5.890486225480862,0.7570793718129507,0.02620658183455368
2.0,1.0,6.086835766330224,0.8072807673347417,0.028663948574249715
5.0,1.0,0.0,0.7668765418865305,0.034383809626481285
5.0,1.0,0.196349540849362,0.708290722660355,0.024522314213430516
5.0,1.0,0.3926990816987241,0.658214646905079,0.023811562358583685
5.0,1.0,0.5890486225480862,0.5861534871720593,0.023523693262320764
5.0,1.0,0.7853981633974483,0.5023871455845297,0.021009924688479564
5.0,1.0,0.9817477042468103,0.44612195699581625,0.018785703074858353
5.0,1.0,1.1780972450961724,0.37387363876620033,0.01840835118379257
5.0,1.0,1.3744467859455345,0.3313242860304402,0.016558597726535323
5.0,1.0,1.5707963267948966,0.30022670001434343,0.01536138497995232
5.0,1.0,1.7671458676442586,0.24522962177924632,0.015407808109679781
5.0,1.0,1.9634954084936207,0.23464313285992702,0.014460635698022558
5.0,1.0,2.1598449493429825,0.20901137392923028,0.014227109768023195
5.0,1.0,2.356194490192345,0.2056279697538605,0.013950063177359452
5.0,1.0,2.552544031041707,0.19879208705515888,0.013784028521609766
5.0,1.0,2.748893571891069,0.19602388638540555,0.013006269790316102
5.0,1.0,2.945243112740431,0.17919927812775108,0.013336141441528523
5.0,1.0,3.141592653589793,0.1911583756164438,0.01746698945452625
5.0,1.0,3.3379421944391554,0.19615186649522567,0.012645762226264757
5.0,1.0,3.5342917352885173,0.19643565550984815,0.013614272590220675
5.0,1.0,3.730641276137879,0.19696356699703826,0.014233660991780025
5.0,1.0,3.9269908169872414,0.20557925345095257,0.014183917284489702
5.0,1.0,4.123340357836604,0.21814434749299116,0.0140821960994761
5.0,1.0,4.319689898685965,0.24478600076064538,0.015492390478301232
5.0,1.0,4.516039439535327,0.2756392499233662,0.014813738520699136
5.0,1.0,4.71238898038469,0.28737578179503587,0.016527215239152453
5.0,1.0,4.908738521234052,0.3328519685448727,0.01739771929978993
5.0,1.0,5.105088062083414,0.3858928233177148,0.018494617426124755
5.0,1.0,5.301437602932776,0.4477647936333091,0.019590779514563537
5.0,1.0,5.497787143782138,0.5215985440851303,0.020270203426492713
5.0,1.0,5.6941366846315,0.5894007592744255,0.02089078248090396
5.0,1.0,5.890486225480862,0.6762586870565231,0.024478327240648252
5.0,1.0,6.086835766330224,0.6926826656351736,0.024117361701334647
10.0,1.0,0.0,0.5778310173167075,0.03193266880898759
10.0,1.0,0.196349540849362,0.588672111468348,0.023176515951054754
10.0,1.0,0.3926990816987241,0.503200648470557,0.02140653063697597
10.0,1.0,0.5890486225480862,0.4835697129515313,0.019691250523158395
10.0,1.0,0.7853981633974483,0.4067312705568814,0.020957983787734336
10.0,1.0,0.9817477042468103,0.3805490766613988,0.017239047594958572
10.0,1.0,1.1780972450961724,0.33008536917447073,0.016239912248886136
10.0,1.0,1.3744467859455345,0.2942951560164178,0.01569839850453755
10.0,1.0,1.5707963267948966,0.2642851611251943,0.015114417598176179
10.0,1.0,1.7671458676442586,0.2479113294936997,0.01370393251267162
10.0,1.0,1.9634954084936207,0.21997279626488836,0.014062203831016865
10.0,1.0,2.1598449493429825,0.2064956577172031,0.013145422791817766
10.0,1.0,2.356194490192345,0.20096373524849465,0.012566688855643228
10.0,1.0,2.552544031041707,0.19212960262818515,0.012954995252557448
10.0,1.0,2.748893571891069,0.18507508730258665,0.012507289704119023
10.0,1.0,2.945243112740431,0.18134955804102781,0.012302595703739328
10.0,1.0,3.141592653589793,0.16512599186970994,0.01744705824771041
10.0,1.0,3.3379421944391554,0.1809406536445703,0.012220108434011832
10.0,1.0,3.5342917352885173,0.178350459274941,0.011695270233296026
10.0,1.0,3.730641276137879,0.18704027372126214,0.013188211221414873
10.0,1.0,3.9269908169872414,0.19747457656542122,0.012282831637541288
10.0,1.0,4.123340357836604,0.21646565071301963,0.01194714781514099
10.0,1.0,4.319689898685965,0.20760319607377636,0.012808695463689429
10.0,1.0,4.516039439535327,0.24972672375245522,0.01375164836916094
10.0,1.0,4.71238898038469,0.272388723658305,0.014988725011335618
10.0,1.0,4.908738521234052,0.29726680988367166,0.01653104722185993
10.0,1.0,5.105088062083414,0.329171428202772,0.017416318902630585
10.0,1.0,5.301437602932776,0.3912401164029744,0.01860660955407402
10.0,1.0,5.497787143782138,0.4114354372980321,0.020583550782206795
10.0,1.0,5.6941366846315,0.4937005092484792,0.019353297386877567
10.0,1.0,5.890486225480862,0.5401497225038577,0.02173718355690228
10.0,1.0,6.086835766330224,0.581076497963477,0.022696225332721757
40.0,1.0,0.0,0.3127969340732108,0.022203260135630447
40.0,1.0,0.196349540849362,0.30860165065578754,0.017001767441057747
40.0,1.0,0.3926990816987241,0.3080446300676933,0.015289105659702132
40.0,1.0,0.5890486225480862,0.2910938686318851,0.0148001430752752
40.0,1.0,0.7853981633974483,0.26902345533953903,0.013583483716247503
40.0,1.0,0.9817477042468103,0.2517391376539508,0.014223907300132435
40.0,1.0,1.1780972450961724,0.225448817626122,0.01399876158396326
40.0,1.0,1.3744467859455345,0.21022060679745136,0.013551321428692543
40.0,1.0,1.5707963267948966,0.20446735438235608,0.012890189868253169
40.0,1.0,1.7671458676442586,0.18119830950285457,0.012049193788049532
40.0,1.0,1.9634954084936207,0.17829476615162385,0.010972137979560813
40.0,1.0,2.1598449493429825,0.16315961778635987,0.01171105107522541
40.0,1.0,2.356194490192345,0.15070380096750288,0.011011091468284754
40.0,1.0,2.552544031041707,0.15154546982514233,0.010849709453333701
40.0,1.0,2.748893571891069,0.13543731284668845,0.010967839651204254
40.0,1.0,2.945243112740431,0.14186821159379512,0.010502748956217209
40.0,1.0,3.141592653589793,0.13944426517129693,0.014576640108245841
40.0,1.0,3.3379421944391554,0.13378528718177896,0.010117698574913883
40.0,1.0,3.5342917352885173,0.14502364404944715,0.011077699078496765
40.0,1.0,3.730641276137879,0.15063043027611878,0.011286523025094858
40.0,1.0,3.9269908169872414,0.15548434796142954,0.010610781493286947
40.0,1.0,4.123340357836604,0.16270102555016722,0.01087360281532572
40.0,1.0,4.319689898685965,0.16374150146537567,0.011655537620157343
40.0,1.0,4.516039439535327,0.1841710449645112,0.012317661370782048
40.0,1.0,4.71238898038469,0.18965745267491965,0.01254978294078112
40.0,1.0,4.908738521234052,0.21994223096861498,0.013133898695093089
40.0,1.0,5.105088062083414,0.23983639264221257,0.013484339334910125
40.0,1.0,5.301437602932776,0.2432509034179776,0.014663660107121739
40.0,1.0,5.497787143782138,0.2796001413776609,0.015166676768174753
40.0,1.0,5.6941366846315,0.28039875491596633,0.014104927578007284
40.0,1.0,5.890486225480862,0.2982257322276958,0.014933870614039602
40.0,1.0,6.086835766330224,0.3210491211077687,0.015432734013459242
