dimension,lattice_size,alpha,gamma,g^4,D(p),error,p,acceptance_rate,warmup_steps,production_steps,sample_every,base_leapfrog_steps,base_seed,retained_configurations,seed
3,32,1.0,1.0,0.5,0.9606654562510781,0.017873623392516344,0.0,0.9583285714285714,10000,70000,10,30,,7000,678477048
3,32,1.0,1.0,0.5,0.9100073878820076,0.011303087804974929,0.19634954084936207,0.9583285714285714,10000,70000,10,30,,7000,678477048
3,32,1.0,1.0,0.5,0.8221176024884544,0.008705760585318736,0.39269908169872414,0.9583285714285714,10000,70000,10,30,,7000,678477048
3,32,1.0,1.0,0.5,0.7262035389898984,0.010184741211108557,0.5890486225480862,0.9583285714285714,10000,70000,10,30,,7000,678477048
3,32,1.0,1.0,0.5,0.6106964246531459,0.009310871468602834,0.7853981633974483,0.9583285714285714,10000,70000,10,30,,7000,678477048
3,32,1.0,1.0,0.5,0.5136935302142878,0.0063852680273851145,0.9817477042468103,0.9583285714285714,10000,70000,10,30,,7000,678477048
3,32,1.0,1.0,0.5,0.43177297516861196,0.00500853068209276,1.1780972450961724,0.9583285714285714,10000,70000,10,30,,7000,678477048
3,32,1.0,1.0,0.5,0.3731142063677559,0.004395684902669953,1.3744467859455345,0.9583285714285714,10000,70000,10,30,,7000,678477048
3,32,1.0,1.0,0.5,0.3286326151930332,0.004073473395250033,1.5707963267948966,0.9583285714285714,10000,70000,10,30,,7000,678477048
3,32,1.0,1.0,0.5,0.2910922087221143,0.003642852403125626,1.7671458676442586,0.9583285714285714,10000,70000,10,30,,7000,678477048
3,32,1.0,1.0,0.5,0.2708251872123497,0.003010572640509055,1.9634954084936207,0.9583285714285714,10000,70000,10,30,,7000,678477048
3,32,1.0,1.0,0.5,0.24015803196573446,0.004082627066026527,2.1598449493429825,0.9583285714285714,10000,70000,10,30,,7000,678477048
3,32,1.0,1.0,0.5,0.2261682170337333,0.0031910204648686867,2.356194490192345,0.9583285714285714,10000,70000,10,30,,7000,678477048
3,32,1.0,1.0,0.5,0.21639305858763316,0.003417053765509186,2.552544031041707,0.9583285714285714,10000,70000,10,30,,7000,678477048
3,32,1.0,1.0,0.5,0.20227193241632752,0.0024198578209933814,2.748893571891069,0.9583285714285714,10000,70000,10,30,,7000,678477048
3,32,1.0,1.0,0.5,0.19578745794648283,0.0024667670468060845,2.945243112740431,0.9583285714285714,10000,70000,10,30,,7000,678477048
3,32,1.0,1.0,0.5,0.19928214059087374,0.0043483224902237,3.141592653589793,0.9583285714285714,10000,70000,10,30,,7000,678477048
3,32,1.0,1.0,0.5,0.19578745794648283,0.0024667670468060845,3.3379421944391554,0.9583285714285714,10000,70000,10,30,,7000,678477048
3,32,1.0,1.0,0.5,0.20227193241632752,0.002419857820993381,3.5342917352885173,0.9583285714285714,10000,70000,10,30,,7000,678477048
3,32,1.0,1.0,0.5,0.21639305858763316,0.003417053765509186,3.730641276137879,0.9583285714285714,10000,70000,10,30,,7000,678477048
3,32,1.0,1.0,0.5,0.22616821703373335,0.0031910204648686567,3.9269908169872414,0.9583285714285714,10000,70000,10,30,,7000,678477048
3,32,1.0,1.0,0.5,0.24015803196573446,0.004082627066026527,4.123340357836604,0.9583285714285714,10000,70000,10,30,,7000,678477048
3,32,1.0,1.0,0.5,0.2708251872123497,0.003010572640509053,4.319689898685965,0.9583285714285714,10000,70000,10,30,,7000,678477048
3,32,1.0,1.0,0.5,0.2910922087221143,0.003642852403125626,4.516039439535327,0.9583285714285714,10000,70000,10,30,,7000,678477048
3,32,1.0,1.0,0.5,0.3286326151930332,0.004073473395250033,4.71238898038469,0.9583285714285714,10000,70000,10,30,,7000,678477048
3,32,1.0,1.0,0.5,0.3731142063677559,0.004395684902669953,4.908738521234052,0.9583285714285714,10000,70000,10,30,,7000,678477048
3,32,1.0,1.0,0.5,0.43177297516861196,0.00500853068209276,5.105088062083414,0.9583285714285714,10000,70000,10,30,,7000,678477048
3,32,1.0,1.0,0.5,0.5136935302142878,0.0063852680273851145,5.301437602932776,0.9583285714285714,10000,70000,10,30,,7000,678477048
3,32,1.0,1.0,0.5,0.6106964246531458,0.009310871468602851,5.497787143782138,0.9583285714285714,10000,70000,10,30,,7000,678477048
3,32,1.0,1.0,0.5,0.7262035389898984,0.010184741211108557,5.6941366846315,0.9583285714285714,10000,70000,10,30,,7000,678477048
3,32,1.0,1.0,0.5,0.8221176024884546,0.008705760585318795,5.890486225480862,0.9583285714285714,10000,70000,10,30,,7000,678477048
3,32,1.0,1.0,0.5,0.9100073878820076,0.011303087804974929,6.086835766330224,0.9583285714285714,10000,70000,10,30,,7000,678477048
3,32,1.0,1.0,1.0,0.9409528737284623,0.020512796212985497,0.0,0.9592714285714286,10000,70000,10,30,,7000,39004782
3,32,1.0,1.0,1.0,0.8881601038698829,0.008205286557395818,0.19634954084936207,0.9592714285714286,10000,70000,10,30,,7000,39004782
3,32,1.0,1.0,1.0,0.8155961679093051,0.012031942085782643,0.39269908169872414,0.9592714285714286,10000,70000,10,30,,7000,39004782
3,32,1.0,1.0,1.0,0.7048706505691437,0.007873833842149265,0.5890486225480862,0.9592714285714286,10000,70000,10,30,,7000,39004782
3,32,1.0,1.0,1.0,0.59443414726036,0.005695702112325096,0.7853981633974483,0.9592714285714286,10000,70000,10,30,,7000,39004782
3,32,1.0,1.0,1.0,0.5058595779364776,0.007694571923917661,0.9817477042468103,0.9592714285714286,10000,70000,10,30,,7000,39004782
3,32,1.0,1.0,1.0,0.43999708019929357,0.007196839667513094,1.1780972450961724,0.9592714285714286,10000,70000,10,30,,7000,39004782
3,32,1.0,1.0,1.0,0.36626574595945505,0.004756768247957908,1.3744467859455345,0.9592714285714286,10000,70000,10,30,,7000,39004782
3,32,1.0,1.0,1.0,0.3258375587030661,0.0030184616614969666,1.5707963267948966,0.9592714285714286,10000,70000,10,30,,7000,39004782
3,32,1.0,1.0,1.0,0.27911615389018385,0.0024700483348206056,1.7671458676442586,0.9592714285714286,10000,70000,10,30,,7000,39004782
3,32,1.0,1.0,1.0,0.25366522032609085,0.0034700417125764797,1.9634954084936207,0.9592714285714286,10000,70000,10,30,,7000,39004782
3,32,1.0,1.0,1.0,0.2386641976292932,0.0023420186510880766,2.1598449493429825,0.9592714285714286,10000,70000,10,30,,7000,39004782
3,32,1.0,1.0,1.0,0.22416296118361298,0.003206880869785193,2.356194490192345,0.9592714285714286,10000,70000,10,30,,7000,39004782
3,32,1.0,1.0,1.0,0.21508366285514846,0.002970128645112971,2.552544031041707,0.9592714285714286,10000,70000,10,30,,7000,39004782
3,32,1.0,1.0,1.0,0.20360461480950262,0.0031485511156104395,2.748893571891069,0.9592714285714286,10000,70000,10,30,,7000,39004782
3,32,1.0,1.0,1.0,0.2011067439586259,0.0022208205168549313,2.945243112740431,0.9592714285714286,10000,70000,10,30,,7000,39004782
3,32,1.0,1.0,1.0,0.2024795422601091,0.003768580426375378,3.141592653589793,0.9592714285714286,10000,70000,10,30,,7000,39004782
3,32,1.0,1.0,1.0,0.2011067439586259,0.0022208205168549313,3.3379421944391554,0.9592714285714286,10000,70000,10,30,,7000,39004782
3,32,1.0,1.0,1.0,0.20360461480950262,0.0031485511156104113,3.5342917352885173,0.9592714285714286,10000,70000,10,30,,7000,39004782
3,32,1.0,1.0,1.0,0.21508366285514846,0.002970128645112971,3.730641276137879,0.9592714285714286,10000,70000,10,30,,7000,39004782
3,32,1.0,1.0,1.0,0.22416296118361298,0.0032068808697851927,3.9269908169872414,0.9592714285714286,10000,70000,10,30,,7000,39004782
3,32,1.0,1.0,1.0,0.2386641976292932,0.0023420186510880766,4.123340357836604,0.9592714285714286,10000,70000,10,30,,7000,39004782
3,32,1.0,1.0,1.0,0.25366522032609085,0.0034700417125764923,4.319689898685965,0.9592714285714286,10000,70000,10,30,,7000,39004782
3,32,1.0,1.0,1.0,0.27911615389018385,0.0024700483348206056,4.516039439535327,0.9592714285714286,10000,70000,10,30,,7000,39004782
3,32,1.0,1.0,1.0,0.3258375587030661,0.0030184616614969666,4.71238898038469,0.9592714285714286,10000,70000,10,30,,7000,39004782
3,32,1.0,1.0,1.0,0.36626574595945505,0.004756768247957908,4.908738521234052,0.9592714285714286,10000,70000,10,30,,7000,39004782
3,32,1.0,1.0,1.0,0.4399970801992935,0.007196839667513069,5.105088062083414,0.9592714285714286,10000,70000,10,30,,7000,39004782
3,32,1.0,1.0,1.0,0.5058595779364776,0.007694571923917661,5.301437602932776,0.9592714285714286,10000,70000,10,30,,7000,39004782
3,32,1.0,1.0,1.0,0.59443414726036,0.005695702112325142,5.497787143782138,0.9592714285714286,10000,70000,10,30,,7000,39004782
3,32,1.0,1.0,1.0,0.7048706505691437,0.007873833842149265,5.6941366846315,0.9592714285714286,10000,70000,10,30,,7000,39004782
3,32,1.0,1.0,1.0,0.8155961679093051,0.012031942085782649,5.890486225480862,0.9592714285714286,10000,70000,10,30,,7000,39004782
3,32,1.0,1.0,1.0,0.8881601038698829,0.008205286557395818,6.086835766330224,0.9592714285714286,10000,70000,10,30,,7000,39004782
3,32,1.0,1.0,2.0,0.8568210421014714,0.015423916599564597,0.0,0.9582428571428572,10000,70000,10,30,,7000,3727701229
3,32,1.0,1.0,2.0,0.8238963913468403,0.010323744567206718,0.19634954084936207,0.9582428571428572,10000,70000,10,30,,7000,3727701229
3,32,1.0,1.0,2.0,0.7546007454724567,0.008309529395217435,0.39269908169872414,0.9582428571428572,10000,70000,10,30,,7000,3727701229
3,32,1.0,1.0,2.0,0.6798418440331185,0.008617977496787452,0.5890486225480862,0.9582428571428572,10000,70000,10,30,,7000,3727701229
3,32,1.0,1.0,2.0,0.5736446774616851,0.005545173573420401,0.7853981633974483,0.9582428571428572,10000,70000,10,30,,7000,3727701229
3,32,1.0,1.0,2.0,0.48990480625159777,0.005692139100347371,0.9817477042468103,0.9582428571428572,10000,70000,10,30,,7000,3727701229
3,32,1.0,1.0,2.0,0.41466800792490127,0.005731186093847749,1.1780972450961724,0.9582428571428572,10000,70000,10,30,,7000,3727701229
3,32,1.0,1.0,2.0,0.35987664494875654,0.004231130707297221,1.3744467859455345,0.9582428571428572,10000,70000,10,30,,7000,3727701229
3,32,1.0,1.0,2.0,0.31713432418543774,0.0029470491943292755,1.5707963267948966,0.9582428571428572,10000,70000,10,30,,7000,3727701229
3,32,1.0,1.0,2.0,0.28331736271937935,0.0034406317660711254,1.7671458676442586,0.9582428571428572,10000,70000,10,30,,7000,3727701229
3,32,1.0,1.0,2.0,0.2527978854635275,0.0029642096181480317,1.9634954084936207,0.9582428571428572,10000,70000,10,30,,7000,3727701229
3,32,1.0,1.0,2.0,0.23739869580649908,0.002707170351262079,2.1598449493429825,0.9582428571428572,10000,70000,10,30,,7000,3727701229
3,32,1.0,1.0,2.0,0.21674669631783047,0.0022106369903972913,2.356194490192345,0.9582428571428572,10000,70000,10,30,,7000,3727701229
3,32,1.0,1.0,2.0,0.2045584140761329,0.001890546032610516,2.552544031041707,0.9582428571428572,10000,70000,10,30,,7000,3727701229
3,32,1.0,1.0,2.0,0.19963594769360965,0.0020308031690648874,2.748893571891069,0.9582428571428572,10000,70000,10,30,,7000,3727701229
3,32,1.0,1.0,2.0,0.19689291960045613,0.002250542844806145,2.945243112740431,0.9582428571428572,10000,70000,10,30,,7000,3727701229
3,32,1.0,1.0,2.0,0.1966300508437468,0.0037166538686275417,3.141592653589793,0.9582428571428572,10000,70000,10,30,,7000,3727701229
3,32,1.0,1.0,2.0,0.19689291960045613,0.002250542844806145,3.3379421944391554,0.9582428571428572,10000,70000,10,30,,7000,3727701229
3,32,1.0,1.0,2.0,0.19963594769360965,0.0020308031690648913,3.5342917352885173,0.9582428571428572,10000,70000,10,30,,7000,3727701229
3,32,1.0,1.0,2.0,0.2045584140761329,0.001890546032610516,3.730641276137879,0.9582428571428572,10000,70000,10,30,,7000,3727701229
3,32,1.0,1.0,2.0,0.21674669631783047,0.0022106369903973026,3.9269908169872414,0.9582428571428572,10000,70000,10,30,,7000,3727701229
3,32,1.0,1.0,2.0,0.23739869580649908,0.002707170351262079,4.123340357836604,0.9582428571428572,10000,70000,10,30,,7000,3727701229
3,32,1.0,1.0,2.0,0.2527978854635275,0.0029642096181480195,4.319689898685965,0.9582428571428572,10000,70000,10,30,,7000,3727701229
3,32,1.0,1.0,2.0,0.28331736271937935,0.0034406317660711254,4.516039439535327,0.9582428571428572,10000,70000,10,30,,7000,3727701229
3,32,1.0,1.0,2.0,0.31713432418543774,0.0029470491943292755,4.71238898038469,0.9582428571428572,10000,70000,10,30,,7000,3727701229
3,32,1.0,1.0,2.0,0.35987664494875654,0.004231130707297221,4.908738521234052,0.9582428571428572,10000,70000,10,30,,7000,3727701229
3,32,1.0,1.0,2.0,0.41466800792490127,0.0057311860938477005,5.105088062083414,0.9582428571428572,10000,70000,10,30,,7000,3727701229
3,32,1.0,1.0,2.0,0.48990480625159777,0.005692139100347371,5.301437602932776,0.9582428571428572,10000,70000,10,30,,7000,3727701229
3,32,1.0,1.0,2.0,0.5736446774616851,0.0055451735734204045,5.497787143782138,0.9582428571428572,10000,70000,10,30,,7000,3727701229
3,32,1.0,1.0,2.0,0.6798418440331185,0.008617977496787452,5.6941366846315,0.9582428571428572,10000,70000,10,30,,7000,3727701229
3,32,1.0,1.0,2.0,0.7546007454724567,0.008309529395217435,5.890486225480862,0.9582428571428572,10000,70000,10,30,,7000,3727701229
3,32,1.0,1.0,2.0,0.8238963913468403,0.010323744567206718,6.086835766330224,0.9582428571428572,10000,70000,10,30,,7000,3727701229
3,32,1.0,1.0,5.0,0.7262484707960473,0.012353310664817783,0.0,0.9597142857142857,10000,70000,10,30,,7000,4153023564
3,32,1.0,1.0,5.0,0.6981641175071702,0.00826937931583715,0.19634954084936207,0.9597142857142857,10000,70000,10,30,,7000,4153023564
3,32,1.0,1.0,5.0,0.6599586590258273,0.010412021014736534,0.39269908169872414,0.9597142857142857,10000,70000,10,30,,7000,4153023564
3,32,1.0,1.0,5.0,0.5729005106008451,0.005944305846808389,0.5890486225480862,0.9597142857142857,10000,70000,10,30,,7000,4153023564
3,32,1.0,1.0,5.0,0.502772998386938,0.00787264157768436,0.7853981633974483,0.9597142857142857,10000,70000,10,30,,7000,4153023564
3,32,1.0,1.0,5.0,0.4450637648332504,0.003890718921564953,0.9817477042468103,0.9597142857142857,10000,70000,10,30,,7000,4153023564
3,32,1.0,1.0,5.0,0.38974563469773305,0.004989329120138219,1.1780972450961724,0.9597142857142857,10000,70000,10,30,,7000,4153023564
3,32,1.0,1.0,5.0,0.33374999256997034,0.0027263121307944506,1.3744467859455345,0.9597142857142857,10000,70000,10,30,,7000,4153023564
3,32,1.0,1.0,5.0,0.2931933163732283,0.0033544940138386242,1.5707963267948966,0.9597142857142857,10000,70000,10,30,,7000,4153023564
3,32,1.0,1.0,5.0,0.26693254802909944,0.002581383844069589,1.7671458676442586,0.9597142857142857,10000,70000,10,30,,7000,4153023564
3,32,1.0,1.0,5.0,0.23854354728873783,0.003001223171150874,1.9634954084936207,0.9597142857142857,10000,70000,10,30,,7000,4153023564
3,32,1.0,1.0,5.0,0.22524290169510414,0.003794258251485401,2.1598449493429825,0.9597142857142857,10000,70000,10,30,,7000,4153023564
3,32,1.0,1.0,5.0,0.20537327798028113,0.0031233737253688267,2.356194490192345,0.9597142857142857,10000,70000,10,30,,7000,4153023564
3,32,1.0,1.0,5.0,0.20174177860367148,0.002609745576645156,2.552544031041707,0.9597142857142857,10000,70000,10,30,,7000,4153023564
3,32,1.0,1.0,5.0,0.19144127306853448,0.002130262961703102,2.748893571891069,0.9597142857142857,10000,70000,10,30,,7000,4153023564
3,32,1.0,1.0,5.0,0.1831238008189182,0.0025696655932534278,2.945243112740431,0.9597142857142857,10000,70000,10,30,,7000,4153023564
3,32,1.0,1.0,5.0,0.18269262180378448,0.003040198568132729,3.141592653589793,0.9597142857142857,10000,70000,10,30,,7000,4153023564
3,32,1.0,1.0,5.0,0.1831238008189182,0.0025696655932534278,3.3379421944391554,0.9597142857142857,10000,70000,10,30,,7000,4153023564
3,32,1.0,1.0,5.0,0.19144127306853448,0.0021302629617030878,3.5342917352885173,0.9597142857142857,10000,70000,10,30,,7000,4153023564
3,32,1.0,1.0,5.0,0.20174177860367148,0.002609745576645156,3.730641276137879,0.9597142857142857,10000,70000,10,30,,7000,4153023564
3,32,1.0,1.0,5.0,0.20537327798028113,0.0031233737253688267,3.9269908169872414,0.9597142857142857,10000,70000,10,30,,7000,4153023564
3,32,1.0,1.0,5.0,0.22524290169510414,0.003794258251485401,4.123340357836604,0.9597142857142857,10000,70000,10,30,,7000,4153023564
3,32,1.0,1.0,5.0,0.23854354728873783,0.003001223171150874,4.319689898685965,0.9597142857142857,10000,70000,10,30,,7000,4153023564
3,32,1.0,1.0,5.0,0.26693254802909944,0.002581383844069589,4.516039439535327,0.9597142857142857,10000,70000,10,30,,7000,4153023564
3,32,1.0,1.0,5.0,0.2931933163732283,0.0033544940138386242,4.71238898038469,0.9597142857142857,10000,70000,10,30,,7000,4153023564
3,32,1.0,1.0,5.0,0.33374999256997034,0.0027263121307944506,4.908738521234052,0.9597142857142857,10000,70000,10,30,,7000,4153023564
3,32,1.0,1.0,5.0,0.38974563469773305,0.004989329120138219,5.105088062083414,0.9597142857142857,10000,70000,10,30,,7000,4153023564
3,32,1.0,1.0,5.0,0.4450637648332504,0.003890718921564953,5.301437602932776,0.9597142857142857,10000,70000,10,30,,7000,4153023564
3,32,1.0,1.0,5.0,0.5027729983869378,0.00787264157768438,5.497787143782138,0.9597142857142857,10000,70000,10,30,,7000,4153023564
3,32,1.0,1.0,5.0,0.5729005106008451,0.005944305846808389,5.6941366846315,0.9597142857142857,10000,70000,10,30,,7000,4153023564
3,32,1.0,1.0,5.0,0.6599586590258273,0.010412021014736546,5.890486225480862,0.9597142857142857,10000,70000,10,30,,7000,4153023564
3,32,1.0,1.0,5.0,0.6981641175071702,0.00826937931583715,6.086835766330224,0.9597142857142857,10000,70000,10,30,,7000,4153023564
3,32,1.0,1.0,10.0,0.5799978894213601,0.0077753790400777395,0.0,0.9602571428571428,10000,70000,10,30,,7000,2797671977
3,32,1.0,1.0,10.0,0.5812972876748492,0.008826993810057235,0.19634954084936207,0.9602571428571428,10000,70000,10,30,,7000,2797671977
3,32,1.0,1.0,10.0,0.5435063540113603,0.006017711134087397,0.39269908169872414,0.9602571428571428,10000,70000,10,30,,7000,2797671977
3,32,1.0,1.0,10.0,0.49122829264010043,0.007224581149684181,0.5890486225480862,0.9602571428571428,10000,70000,10,30,,7000,2797671977
3,32,1.0,1.0,10.0,0.4377171110657024,0.0037177727808379944,0.7853981633974483,0.9602571428571428,10000,70000,10,30,,7000,2797671977
3,32,1.0,1.0,10.0,0.38527886928968813,0.005307940284334024,0.9817477042468103,0.9602571428571428,10000,70000,10,30,,7000,2797671977
3,32,1.0,1.0,10.0,0.3323957163508733,0.0047854351376039736,1.1780972450961724,0.9602571428571428,10000,70000,10,30,,7000,2797671977
3,32,1.0,1.0,10.0,0.3024078976237753,0.0034961351007693014,1.3744467859455345,0.9602571428571428,10000,70000,10,30,,7000,2797671977
3,32,1.0,1.0,10.0,0.26930581452188257,0.0030452579968817434,1.5707963267948966,0.9602571428571428,10000,70000,10,30,,7000,2797671977
3,32,1.0,1.0,10.0,0.24467883286080988,0.0032124095610685786,1.7671458676442586,0.9602571428571428,10000,70000,10,30,,7000,2797671977
3,32,1.0,1.0,10.0,0.2220110858452748,0.0032052851143499644,1.9634954084936207,0.9602571428571428,10000,70000,10,30,,7000,2797671977
3,32,1.0,1.0,10.0,0.2069424748353689,0.003262707181007352,2.1598449493429825,0.9602571428571428,10000,70000,10,30,,7000,2797671977
3,32,1.0,1.0,10.0,0.19329435152065663,0.0026971260976863093,2.356194490192345,0.9602571428571428,10000,70000,10,30,,7000,2797671977
3,32,1.0,1.0,10.0,0.18497663701117184,0.001695164539488144,2.552544031041707,0.9602571428571428,10000,70000,10,30,,7000,2797671977
3,32,1.0,1.0,10.0,0.18248738987148075,0.0020578448327626094,2.748893571891069,0.9602571428571428,10000,70000,10,30,,7000,2797671977
3,32,1.0,1.0,10.0,0.18104464541113227,0.002570421815077018,2.945243112740431,0.9602571428571428,10000,70000,10,30,,7000,2797671977
3,32,1.0,1.0,10.0,0.17006767731276332,0.0020275955734250332,3.141592653589793,0.9602571428571428,10000,70000,10,30,,7000,2797671977
3,32,1.0,1.0,10.0,0.18104464541113227,0.002570421815077018,3.3379421944391554,0.9602571428571428,10000,70000,10,30,,7000,2797671977
3,32,1.0,1.0,10.0,0.18248738987148075,0.0020578448327626094,3.5342917352885173,0.9602571428571428,10000,70000,10,30,,7000,2797671977
3,32,1.0,1.0,10.0,0.18497663701117184,0.001695164539488144,3.730641276137879,0.9602571428571428,10000,70000,10,30,,7000,2797671977
3,32,1.0,1.0,10.0,0.19329435152065672,0.0026971260976863093,3.9269908169872414,0.9602571428571428,10000,70000,10,30,,7000,2797671977
3,32,1.0,1.0,10.0,0.2069424748353689,0.003262707181007352,4.123340357836604,0.9602571428571428,10000,70000,10,30,,7000,2797671977
3,32,1.0,1.0,10.0,0.2220110858452749,0.0032052851143499466,4.319689898685965,0.9602571428571428,10000,70000,10,30,,7000,2797671977
3,32,1.0,1.0,10.0,0.24467883286080988,0.0032124095610685786,4.516039439535327,0.9602571428571428,10000,70000,10,30,,7000,2797671977
3,32,1.0,1.0,10.0,0.26930581452188257,0.0030452579968817434,4.71238898038469,0.9602571428571428,10000,70000,10,30,,7000,2797671977
3,32,1.0,1.0,10.0,0.3024078976237753,0.0034961351007693014,4.908738521234052,0.9602571428571428,10000,70000,10,30,,7000,2797671977
3,32,1.0,1.0,10.0,0.3323957163508733,0.004785435137603952,5.105088062083414,0.9602571428571428,10000,70000,10,30,,7000,2797671977
3,32,1.0,1.0,10.0,0.38527886928968813,0.005307940284334024,5.301437602932776,0.9602571428571428,10000,70000,10,30,,7000,2797671977
3,32,1.0,1.0,10.0,0.4377171110657024,0.0037177727808379944,5.497787143782138,0.9602571428571428,10000,70000,10,30,,7000,2797671977
3,32,1.0,1.0,10.0,0.49122829264010043,0.007224581149684181,5.6941366846315,0.9602571428571428,10000,70000,10,30,,7000,2797671977
3,32,1.0,1.0,10.0,0.5435063540113603,0.006017711134087397,5.890486225480862,0.9602571428571428,10000,70000,10,30,,7000,2797671977
3,32,1.0,1.0,10.0,0.5812972876748492,0.008826993810057235,6.086835766330224,0.9602571428571428,10000,70000,10,30,,7000,2797671977
3,32,1.0,1.0,20.0,0.43718718728808553,0.005954996610615904,0.0,0.9582428571428572,10000,70000,10,30,,7000,862017706
3,32,1.0,1.0,20.0,0.43617028242367173,0.004460938944170764,0.19634954084936207,0.9582428571428572,10000,70000,10,30,,7000,862017706
3,32,1.0,1.0,20.0,0.414003891245887,0.006176228078268975,0.39269908169872414,0.9582428571428572,10000,70000,10,30,,7000,862017706
3,32,1.0,1.0,20.0,0.3925136055952225,0.006069208772307468,0.5890486225480862,0.9582428571428572,10000,70000,10,30,,7000,862017706
3,32,1.0,1.0,20.0,0.3518705333192905,0.004500204462635988,0.7853981633974483,0.9582428571428572,10000,70000,10,30,,7000,862017706
3,32,1.0,1.0,20.0,0.31936003478937824,0.00477379063046691,0.9817477042468103,0.9582428571428572,10000,70000,10,30,,7000,862017706
3,32,1.0,1.0,20.0,0.2905657300365282,0.003708437431135172,1.1780972450961724,0.9582428571428572,10000,70000,10,30,,7000,862017706
3,32,1.0,1.0,20.0,0.25806693268550895,0.003226646529769245,1.3744467859455345,0.9582428571428572,10000,70000,10,30,,7000,862017706
3,32,1.0,1.0,20.0,0.23538418388956947,0.0017120621270946806,1.5707963267948966,0.9582428571428572,10000,70000,10,30,,7000,862017706
3,32,1.0,1.0,20.0,0.21784771054141486,0.0031353886859254608,1.7671458676442586,0.9582428571428572,10000,70000,10,30,,7000,862017706
3,32,1.0,1.0,20.0,0.1985930217820384,0.002689091575910199,1.9634954084936207,0.9582428571428572,10000,70000,10,30,,7000,862017706
3,32,1.0,1.0,20.0,0.18872619639135435,0.002496307434768525,2.1598449493429825,0.9582428571428572,10000,70000,10,30,,7000,862017706
3,32,1.0,1.0,20.0,0.17690519363462964,0.0022674447677363905,2.356194490192345,0.9582428571428572,10000,70000,10,30,,7000,862017706
3,32,1.0,1.0,20.0,0.1693033603490222,0.0019061296137736633,2.552544031041707,0.9582428571428572,10000,70000,10,30,,7000,862017706
3,32,1.0,1.0,20.0,0.1617320962337057,0.0017142950510461693,2.748893571891069,0.9582428571428572,10000,70000,10,30,,7000,862017706
3,32,1.0,1.0,20.0,0.1599624034981084,0.0023498681229889543,2.945243112740431,0.9582428571428572,10000,70000,10,30,,7000,862017706
3,32,1.0,1.0,20.0,0.15941069146526682,0.0025583372576896656,3.141592653589793,0.9582428571428572,10000,70000,10,30,,7000,862017706
3,32,1.0,1.0,20.0,0.1599624034981084,0.0023498681229889543,3.3379421944391554,0.9582428571428572,10000,70000,10,30,,7000,862017706
3,32,1.0,1.0,20.0,0.1617320962337057,0.0017142950510461693,3.5342917352885173,0.9582428571428572,10000,70000,10,30,,7000,862017706
3,32,1.0,1.0,20.0,0.1693033603490222,0.0019061296137736633,3.730641276137879,0.9582428571428572,10000,70000,10,30,,7000,862017706
3,32,1.0,1.0,20.0,0.17690519363462964,0.0022674447677363905,3.9269908169872414,0.9582428571428572,10000,70000,10,30,,7000,862017706
3,32,1.0,1.0,20.0,0.18872619639135435,0.002496307434768525,4.123340357836604,0.9582428571428572,10000,70000,10,30,,7000,862017706
3,32,1.0,1.0,20.0,0.19859302178203836,0.0026890915759102104,4.319689898685965,0.9582428571428572,10000,70000,10,30,,7000,862017706
3,32,1.0,1.0,20.0,0.21784771054141486,0.0031353886859254608,4.516039439535327,0.9582428571428572,10000,70000,10,30,,7000,862017706
3,32,1.0,1.0,20.0,0.23538418388956947,0.0017120621270946806,4.71238898038469,0.9582428571428572,10000,70000,10,30,,7000,862017706
3,32,1.0,1.0,20.0,0.25806693268550895,0.003226646529769245,4.908738521234052,0.9582428571428572,10000,70000,10,30,,7000,862017706
3,32,1.0,1.0,20.0,0.2905657300365282,0.003708437431135172,5.105088062083414,0.9582428571428572,10000,70000,10,30,,7000,862017706
3,32,1.0,1.0,20.0,0.31936003478937824,0.00477379063046691,5.301437602932776,0.9582428571428572,10000,70000,10,30,,7000,862017706
3,32,1.0,1.0,20.0,0.3518705333192905,0.004500204462635988,5.497787143782138,0.9582428571428572,10000,70000,10,30,,7000,862017706
3,32,1.0,1.0,20.0,0.3925136055952225,0.006069208772307468,5.6941366846315,0.9582428571428572,10000,70000,10,30,,7000,862017706
3,32,1.0,1.0,20.0,0.414003891245887,0.006176228078268975,5.890486225480862,0.9582428571428572,10000,70000,10,30,,7000,862017706
3,32,1.0,1.0,20.0,0.43617028242367173,0.004460938944170764,6.086835766330224,0.9582428571428572,10000,70000,10,30,,7000,862017706
3,32,1.0,1.0,40.0,0.31972319790193904,0.005916661722396269,0.0,0.9395857142857142,10000,70000,10,30,,7000,812807124
3,32,1.0,1.0,40.0,0.3121781804088019,0.004037413262670779,0.19634954084936207,0.9395857142857142,10000,70000,10,30,,7000,812807124
3,32,1.0,1.0,40.0,0.3044068582593,0.004705730171494841,0.39269908169872414,0.9395857142857142,10000,70000,10,30,,7000,812807124
3,32,1.0,1.0,40.0,0.2912389305117996,0.002570503061743297,0.5890486225480862,0.9395857142857142,10000,70000,10,30,,7000,812807124
3,32,1.0,1.0,40.0,0.2710171580273354,0.003012474513126234,0.7853981633974483,0.9395857142857142,10000,70000,10,30,,7000,812807124
3,32,1.0,1.0,40.0,0.25031987484253554,0.002326699781195628,0.9817477042468103,0.9395857142857142,10000,70000,10,30,,7000,812807124
3,32,1.0,1.0,40.0,0.22872794649281575,0.0031166196075680694,1.1780972450961724,0.9395857142857142,10000,70000,10,30,,7000,812807124
3,32,1.0,1.0,40.0,0.20900107534909682,0.002492763595184605,1.3744467859455345,0.9395857142857142,10000,70000,10,30,,7000,812807124
3,32,1.0,1.0,40.0,0.19289830908382313,0.0017221599542001876,1.5707963267948966,0.9395857142857142,10000,70000,10,30,,7000,812807124
3,32,1.0,1.0,40.0,0.18119828905569105,0.0021347525410149687,1.7671458676442586,0.9395857142857142,10000,70000,10,30,,7000,812807124
3,32,1.0,1.0,40.0,0.17113916305116522,0.0019863803792585016,1.9634954084936207,0.9395857142857142,10000,70000,10,30,,7000,812807124
3,32,1.0,1.0,40.0,0.15763264654981102,0.0021174930518174143,2.1598449493429825,0.9395857142857142,10000,70000,10,30,,7000,812807124
3,32,1.0,1.0,40.0,0.152768462763686,0.001994873663968037,2.356194490192345,0.9395857142857142,10000,70000,10,30,,7000,812807124
3,32,1.0,1.0,40.0,0.14539756950315327,0.0022510818763743137,2.552544031041707,0.9395857142857142,10000,70000,10,30,,7000,812807124
3,32,1.0,1.0,40.0,0.14599231556237643,0.0018266711752249578,2.748893571891069,0.9395857142857142,10000,70000,10,30,,7000,812807124
3,32,1.0,1.0,40.0,0.13976676233718624,0.0017954727674292428,2.945243112740431,0.9395857142857142,10000,70000,10,30,,7000,812807124
3,32,1.0,1.0,40.0,0.13889976630707393,0.0030790113160913397,3.141592653589793,0.9395857142857142,10000,70000,10,30,,7000,812807124
3,32,1.0,1.0,40.0,0.13976676233718624,0.0017954727674292428,3.3379421944391554,0.9395857142857142,10000,70000,10,30,,7000,812807124
3,32,1.0,1.0,40.0,0.1459923155623764,0.0018266711752249372,3.5342917352885173,0.9395857142857142,10000,70000,10,30,,7000,812807124
3,32,1.0,1.0,40.0,0.14539756950315327,0.0022510818763743137,3.730641276137879,0.9395857142857142,10000,70000,10,30,,7000,812807124
3,32,1.0,1.0,40.0,0.152768462763686,0.001994873663968035,3.9269908169872414,0.9395857142857142,10000,70000,10,30,,7000,812807124
3,32,1.0,1.0,40.0,0.15763264654981102,0.0021174930518174143,4.123340357836604,0.9395857142857142,10000,70000,10,30,,7000,812807124
3,32,1.0,1.0,40.0,0.17113916305116522,0.0019863803792585016,4.319689898685965,0.9395857142857142,10000,70000,10,30,,7000,812807124
3,32,1.0,1.0,40.0,0.18119828905569105,0.0021347525410149687,4.516039439535327,0.9395857142857142,10000,70000,10,30,,7000,812807124
3,32,1.0,1.0,40.0,0.19289830908382313,0.0017221599542001876,4.71238898038469,0.9395857142857142,10000,70000,10,30,,7000,812807124
3,32,1.0,1.0,40.0,0.20900107534909682,0.002492763595184605,4.908738521234052,0.9395857142857142,10000,70000,10,30,,7000,812807124
3,32,1.0,1.0,40.0,0.22872794649281575,0.0031166196075680694,5.105088062083414,0.9395857142857142,10000,70000,10,30,,7000,812807124
3,32,1.0,1.0,40.0,0.25031987484253554,0.002326699781195628,5.301437602932776,0.9395857142857142,10000,70000,10,30,,7000,812807124
3,32,1.0,1.0,40.0,0.2710171580273354,0.003012474513126234,5.497787143782138,0.9395857142857142,10000,70000,10,30,,7000,812807124
3,32,1.0,1.0,40.0,0.2912389305117996,0.002570503061743297,5.6941366846315,0.9395857142857142,10000,70000,10,30,,7000,812807124
3,32,1.0,1.0,40.0,0.3044068582593,0.004705730171494841,5.890486225480862,0.9395857142857142,10000,70000,10,30,,7000,812807124
3,32,1.0,1.0,40.0,0.3121781804088019,0.004037413262670779,6.086835766330224,0.9395857142857142,10000,70000,10,30,,7000,812807124
